reviewId,userName,userImage,content,score,thumbsUpCount,reviewCreatedVersion,at,replyContent,repliedAt,appVersion
06c464c1-746f-4c4d-92bd-1838006ac590,Pi********ys,https://play-lh.googleusercontent.com/a/ACg8ocLqqoqVT9VMJnazvLuXn7NNZxYnZlTkc-8iWfT-a5Kw1A9-t8f6=mo,"nyaman, bersih, driver ramah",5,0,4.9.1,2025-09-06 10:06:14,,,4.9.1
1cde6411-ef88-48c6-9a33-7fef6e13e426,Yu********as,https://play-lh.googleusercontent.com/a-/ALV-UjVD-HcucxI74ePJuXzkVFMtz1MPSXklcV6f9SfvAbY2uXIiRB2f,"Apasih aplikasi ini nggak bisa login, mau otp nggak bisa, perangkat anda terkunci mulu",1,0,4.9.1,2025-09-05 13:03:53,,,4.9.1
a3fc8cfd-57e8-404a-bf57-885436c6a8a9,Dh*********ma,https://play-lh.googleusercontent.com/a-/ALV-UjVmkcaGn-DpFa1w1PfwW4IBlWWxEuM6e05cY3uTuqxZw-KZzkP2SA,"belum coba, baru isi aplikasi semoga mobilnya banyak",5,0,4.9.1,2025-09-04 21:07:21,,,4.9.1
7a414094-352b-4803-a5ff-6f8b23490721,He***********ah,https://play-lh.googleusercontent.com/a-/ALV-UjXR3h1RGLzXBs71ya6vZbKH0n-cLIb4Z9ahq-gFbqgP7yEzJig,unpleasant experience,1,0,,2025-09-04 19:15:33,,,
e243be58-c004-4ba5-8443-d136eb1e3754,Su***********no,https://play-lh.googleusercontent.com/a-/ALV-UjUgzoQxkkjYYP7bNtmZZCZbQ27ukFTfG0_-FigAaLKUfaMsuIwNng,very good response,4,0,4.9.1,2025-09-04 16:41:02,,,4.9.1
c5e1fcca-c1e4-4fcc-8c55-d2573e381fbc,As**********an,https://play-lh.googleusercontent.com/a-/ALV-UjWNZwHfck5zZHYvosP4YlPM_D-_9BKqHcGFewSpJ297PeIDxxwO,"ok, banget",5,0,4.9.1,2025-09-03 14:33:38,,,4.9.1
03410446-b75c-4401-b4b1-3f54e7ecff04,Ha*SF,https://play-lh.googleusercontent.com/a-/ALV-UjUw-GB0F75i2YbiL0AK_t2miOiBwOvhrrr-q3K97Z_1iqYC-ik-,menarik tolong adain di daerah bandung,5,0,4.8.1,2025-09-02 01:09:55,,,4.8.1
daf6a8a8-55cb-49f2-ab8d-234bb99e1037,Ta********ni,https://play-lh.googleusercontent.com/a-/ALV-UjWYEiu99juOjcdVj3Cdqef8RUFY8J_DsQgng2U6pY3uSSOqKqU,blok c 11,5,0,4.8.1,2025-08-31 12:14:10,,,4.8.1
e3b153d4-044d-444d-b80e-1aa2269d286d,****,https://play-lh.googleusercontent.com/a/ACg8ocJehpeTg8lundGi6MK9XxVhDZdPsbJqggCCSo0NpBEVjrwmhw=mo,cepat kurang dari 10menit,5,0,4.8.1,2025-08-30 20:35:13,,,4.8.1
acbbf537-12b0-4dab-a4e3-224176d9df41,Yu*******ar,https://play-lh.googleusercontent.com/a-/ALV-UjXBvmO2B5CbIMs7TAB4VAHALYYQ8uio2hC8xoDeZKDI6Sk_InAo,you need to improve the accuracy of the map and it will be better if your driver can be reached by phone instead of long texting.,3,0,4.9.0,2025-08-29 16:42:38,,,4.9.0
76bc3abc-ad97-4331-a3ce-34f5413e457b,Ro****ES,https://play-lh.googleusercontent.com/a-/ALV-UjUpv-CHEpJcoYtqfMaBRv7FKDEPkmOKlNG7R2aL7LnibP1kUtcWrA,Really fall in love with the clean and tidy car,5,1,4.8.1,2025-08-28 22:57:46,,,4.8.1
1c836ad0-5d92-4fdd-bf33-559484c7f6dd,Mo*****************el,https://play-lh.googleusercontent.com/a-/ALV-UjWf-mHSpLKViFkePZzyDXULnE_EHxpEizorOvYgHhX379y0ArFy,"saya pernah minta ganti rute pakai apps jarak lebih dekat tapi argo lebih mahal beda 10rb, hah, ngga tau siapa yang error",2,0,4.9.0,2025-08-28 17:10:38,,,4.9.0
5b9cf9c7-5490-46b2-9509-2657a7c2698a,Su************na,https://play-lh.googleusercontent.com/a-/ALV-UjWGSiwDz_FYNXOyyEsdRFHGmPlvzmVZezwOc_6_NJ6BbE4RKwEs,i love it,5,0,4.8.1,2025-08-28 16:58:23,,,4.8.1
b317032e-2d58-499b-942e-a70c5eb0f920,Sy***********ni,https://play-lh.googleusercontent.com/a-/ALV-UjUQI9OoebYAdroewM13WnJua9GBvIJFHxSTJQ2m4LDLoJWaM27L,Environment taxi friendly,5,0,4.8.1,2025-08-28 09:22:20,,,4.8.1
6c178f77-f31b-4e31-a8a6-624bed0dcf88,zu************di,https://play-lh.googleusercontent.com/a/ACg8ocIobT6hbTrJ4fglVBZYACk-sXWTPlCZnG1JPZK48ETTO_Pr1Q=mo,"nyaman banget naik taksi ini, mobilnya premium ga berisik, drivernya ramah ga kaya kebanyakan taksi lain, worth the price banget, ini yang di bilang berkualitas tapi aman di kantong",5,0,4.8.1,2025-08-28 09:21:36,,,4.8.1
1c1a98de-28b4-4255-adb6-36f8b297640d,El**********ra,https://play-lh.googleusercontent.com/a/ACg8ocKvm_K4ZAN0qhJtSLX0yCJA8mymvKYR-u_IJbBthwYxRIrZ1A=mo,best taxi in town...,5,0,4.8.1,2025-08-28 09:19:19,,,4.8.1
85ca4a80-640f-4c96-ac79-1f836887fd29,Ev*********di,https://play-lh.googleusercontent.com/a-/ALV-UjUutLY26XRylzJsKiaPa4Z2E5iasztvXf_9ZjwzL1Hs-zcJnpWT,Taxi online terbaikkküî•üî•üî•,5,0,4.9.0,2025-08-28 09:18:26,,,4.9.0
e4f70533-19b5-454d-be28-8864d3ceae67,Yu*********yu,https://play-lh.googleusercontent.com/a-/ALV-UjV5PkQZcylbKgDrrMhT61-nDtsdZzYrasOdOU2TFRUZXt60ByRX,"efisien, ramah lingkungan",5,0,4.8.1,2025-08-28 09:17:29,,,4.8.1
fe638c07-1069-47cc-8355-7a1dbcfa3dce,Ha***na,https://play-lh.googleusercontent.com/a/ACg8ocIq4c0y-pBz4U3q4HSesZ2qajoju8nkP-FQXpPFSa4A4qmRTg=mo,layanan puas dan terbaik,5,0,4.9.0,2025-08-28 09:16:42,,,4.9.0
6d1ebeaa-74fd-4546-a040-c51b9ca0d563,Mu**************in,https://play-lh.googleusercontent.com/a-/ALV-UjWGmg4a4owY2335VuoIYiaC9g6ME1_905vPL7h-UkSzTLH1FcDV,"aplikasi gampang, pelayanan juga maksimal. bisa minta perjalanan senyap, cocok banget buat perjalanan sepulang kerja yang udah capek banget",5,0,4.8.1,2025-08-26 10:32:19,,,4.8.1
cc844012-c120-4ff6-8d78-55c436f49be1,Bo******an,https://play-lh.googleusercontent.com/a-/ALV-UjWLIBSOOR0LPTL7x626qNQgLfAiEiH9iT6hsVlR1_DTNRGEleInsA,oke,5,0,4.8.1,2025-08-25 18:54:52,,,4.8.1
06c1b3f7-a033-43ea-b862-2b7cd1809af6,Ma*************el,https://play-lh.googleusercontent.com/a-/ALV-UjU1LUVQCiiOKEo5sBA0095zubm9Ub0ULIs2Lx9sLLorMhIkUqm-,susah dapet drivee,1,0,4.8.1,2025-08-25 18:39:45,,,4.8.1
9a0daf9e-544a-4d87-b8af-0942a06d36e1,Sa*********ce,https://play-lh.googleusercontent.com/a-/ALV-UjWMSNW79PjvPB7JiAQ8rcGoQk8_ORuOSu_9C-fOgDcrIUDjQNQ,Always get a great experience,5,0,4.8.1,2025-08-24 13:57:44,,,4.8.1
5e9378f0-0f30-45b4-9653-dc9386b9390d,Ma**************ah,https://play-lh.googleusercontent.com/a/ACg8ocLFMXwwRp3788KVm3zHZOPiT4jbSJIFTbGrNCwIsIFutkgtbQ=mo,sopirnya songong songong..blaguu..jalanan udh kyk miliknya,1,0,4.8.1,2025-08-23 22:36:20,,,4.8.1
f2c71e86-0e26-4cf3-b519-6da668e6fd74,mu************iq,https://play-lh.googleusercontent.com/a-/ALV-UjXX72Cq0MN8uWKO4fgqjr9OV9X_wpusBXjJTYlPnpo8gpkbS1We,"sangat puas pakai green sm, sangat diperhatikan kebersihannya, driver ramah, tidak banyak bicara, sangat menghargai privasi penumpang..",5,0,4.8.1,2025-08-22 18:28:55,,,4.8.1
348f2c7d-5214-4bb5-a8cd-bad59097a043,Fe*********ng,https://play-lh.googleusercontent.com/a-/ALV-UjVHlTetRy8QCHOMILLG3Ly_HdHX-AKBJblSC7WztHTVULxd2AyY,layanan oke. driver mantab. mobil nyaman dan gapernah bau. sayangnya harus nunggu diatas 8 menit. tapi overall worth it sih.,4,0,4.8.1,2025-08-22 17:15:38,,,4.8.1
58fc9cc9-5cd0-427d-957d-7fbe01ebeeed,Ne***********ah,https://play-lh.googleusercontent.com/a/ACg8ocJ3DcHb8gsq-_i30Cqg0Md6ltdFmDXZu8ijL7sxKA3qXjpxog=mo,good üëç,5,0,4.8.1,2025-08-22 07:47:11,,,4.8.1
79ead665-d4ce-476e-97bf-a204f9346669,De******ky,https://play-lh.googleusercontent.com/a-/ALV-UjVammQWPLozCELegol-vm57Ijp-tEoD_f6uPfOmk00kINqZMfdn,Nice and easy app for transportation,5,0,4.8.1,2025-08-21 23:35:34,,,4.8.1
388f2d8a-d40a-4176-b5ad-c865f6ac253d,An********pe,https://play-lh.googleusercontent.com/a-/ALV-UjX6nMdEqs0OK5TYuLS1PI3ccOukG8g8X_QRrteUNibEXffwNWw,Nice car and good service. Semoga terus dipertahankan.,5,0,4.8.1,2025-08-21 09:39:28,,,4.8.1
ee311d81-75f9-4e0e-bcd3-a11deb121d2b,Mu********************ga,https://play-lh.googleusercontent.com/a-/ALV-UjW1PfwqDTJFXAXWrD60V8xUGnjptQVJdCSJZRuNUZ25tiDaGQU,mantap,5,0,4.6.1,2025-08-21 08:25:05,,,4.6.1
f11b6e24-8960-4c31-a5bf-7a40ce503073,to****ki,https://play-lh.googleusercontent.com/a/ACg8ocJbPLaT5HVrPAQT50GJyhWSHW2maBWI4r39FufzCl99nTR1yw=mo,ok,5,0,4.8.1,2025-08-20 18:55:22,,,4.8.1
f04bb3c6-c0e3-4f0a-999a-53544259a558,sa****20,https://play-lh.googleusercontent.com/a/ACg8ocJmGDC7zxip7PXdrOQCul3HlF10xhZRA-eX-DC_Nl_q6VTIOw=mo,great app,5,0,4.8.1,2025-08-20 17:34:53,,,4.8.1
3d1b87a6-8181-4723-b8b5-5ba35cf542ab,fa*************ti,https://play-lh.googleusercontent.com/a-/ALV-UjUYyfZjxZ8z9sVA7KHmQC2RzlSxfvx87RvyldJXpT5RnBTRj27K,"kendaraan nyaman, luas dan bersih, driver ramah dan komunikatif, musiknya enak didengar",5,0,4.8.1,2025-08-20 16:20:28,,,4.8.1
5db61567-4fb0-4453-816d-5de6d82aee1f,Tr********ko,https://play-lh.googleusercontent.com/a-/ALV-UjUA-QcDGWfIJoxrCp0Sg-F66H85gUc51u91HP5-4Gkc5ctAKIBA,the best option,5,0,4.8.1,2025-08-19 23:45:49,,,4.8.1
5609f4b5-84e7-462e-9adf-4192323e37e5,Fr*********an,https://play-lh.googleusercontent.com/a-/ALV-UjVVzgAXy3YOGxQhXFgTTE3Dhyxc-9cZvSzxu0ImnTv6T3MQ2YQ,"Taksi super nyaman, driver ramah dan asik, banyak promo menarik. Wajib coba",5,0,4.8.1,2025-08-19 18:40:13,,,4.8.1
42635614-28fa-4488-bd3a-b897b681017d,ru*********al,https://play-lh.googleusercontent.com/a-/ALV-UjWDBFyf75VnTopJcnE3QQ-3uQ5fOKc6w-osWei2Ly55U2KrBKE,"taxi paling terpercaya,nyaman,aman Dan ramah",5,0,4.8.1,2025-08-19 10:34:36,,,4.8.1
3c31bb04-8054-4dcc-aa9d-67e64cc4d74e,Es*********ca,https://play-lh.googleusercontent.com/a/ACg8ocKZRfBdH0zs88GLWwh6aTzMoJxcV3-PbPHBst0Ow1dGpJmX-Q=mo,"Udah bayar pake gopay, ga dapet driver, tercancel sendiri, lalu harus urus refund. Repot banget nih Apps, pada ga dapet driver bukan salah usernya, mana harus refund lagi!!!!",1,0,4.7.1,2025-08-19 08:21:54,,,4.7.1
2bd0cc25-ba4a-4d0f-ba38-a403f220538b,je*my,https://play-lh.googleusercontent.com/a/ACg8ocJwtHGGBWpRP2j7k9K3B68DJ3FBBK9qn8ij5LQXi7kt5ODuog=mo,taksi ramah lingkungan,5,0,,2025-08-19 08:19:30,,,
bff6057a-c721-4e39-9627-5fde274b661d,Er*******ra,https://play-lh.googleusercontent.com/a-/ALV-UjWKx8Grl3g3IHIi_PEObR3QUgey28bktIVCd-yssEcU-80HZNdA,"mengecewakan, sudah order dari semalam untuk besok pagi, malah ga dapat driver karena hujan, sehingga di cancel, sedangkan tarif sudah naik drastis, mending bluebird sudah PASTI DATANG DAN JELAS",1,0,4.8.1,2025-08-19 07:30:45,,,4.8.1
1966499c-8011-4a9f-bb50-295a0257af06,yo***************da,https://play-lh.googleusercontent.com/a-/ALV-UjVD1Ge4nJTP8N6Xhj1zanSg9J4fzu7hFXptxoYxXEJIi__lIXEE,"Saya pesan taksi ini tanggal 18 agustus 2025 untuk berangkat tanggal 19 agustus 2025 jam 5 subuh, karena mengejar jadwal Whoosh jam 6.25. Sampai 19 agustus jam 5.15 mobilnya ga datang, padahal urgent, akhirnya saya cancel. Sangat mengecewakan",1,0,4.8.1,2025-08-19 05:21:33,,,4.8.1
008659fe-cf30-4f42-ab53-9400caf28966,Aj*******di,https://play-lh.googleusercontent.com/a-/ALV-UjVFMmawa4ceE30obvJGS7aiTgwDguG0pZnGwltYF_0PVE_uDU2J,Aplikasinya baru download ga kebuka,1,1,4.8.1,2025-08-18 18:39:10,,,4.8.1
3e5394a9-d853-4ce1-9987-8aa680bf3964,Ah********ar,https://play-lh.googleusercontent.com/a-/ALV-UjVkxy6Zg7u58Rm1CG_9GRpNHRgpB6ysiQlsrm31vohQOerX9e4G,bagus,5,0,4.8.1,2025-08-18 18:00:54,,,4.8.1
d630a6c4-e57f-4a01-b3b1-871addc5af65,Ri********an,https://play-lh.googleusercontent.com/a-/ALV-UjWJSJ36VqtVjWTyAo5jeOry8-A1CbPKmUawgf4EYDw0TRBKCQJk,"Aplikasinya cukup mudah di gunakan, banyak promo",5,0,4.8.1,2025-08-15 13:21:15,,,4.8.1
84f7c429-f141-4470-9367-75741b36f001,Ti********ng,https://play-lh.googleusercontent.com/a/ACg8ocK_IFTXj1q4aMVZKWfdD08hzULWaHp5vY-UFkDJAEH9LoEi9Q=mo,great ride experience,5,0,4.8.1,2025-08-15 06:59:40,,,4.8.1
ef39a953-a6ed-4f80-a324-15b715de73c2,ar**********id,https://play-lh.googleusercontent.com/a-/ALV-UjU5EUAYBN0Ar85PYqb4rQepLfrW5IjPhryn-Op5azkG1OPdpewe,mantap bagus hemat berkualitas,5,0,4.8.1,2025-08-15 04:11:09,,,4.8.1
8091639b-cdb0-447a-8397-7e8e4463dbea,Wi**on,https://play-lh.googleusercontent.com/a-/ALV-UjVIhlaWzPEDMyFs5Cs9mMcP40CJ8n11DKd3BeYl7XMsIoFYj40,"Mobilnya keren dan eye catching, supirnya ramah, dalemnya juga bersih dan lega, bisa sewa mobilnya juga. Cuma kalo untuk pesen taxi ke bandara dll, jangan dulu. masih belum meyakinkan. Semoga taxinya makin banyak, gak cuma dijabodetabek saja, tapi ke daerah daerah lain juga.",5,0,4.8.1,2025-08-13 11:21:18,,,4.8.1
b296f4aa-91a9-43fd-9a5e-adb587070e64,Ad*********ia,https://play-lh.googleusercontent.com/a/ACg8ocIBV_usj4-lFBhKUt59KzlfaMlpjGuH11EEZOrn_mxiN_iBlPg=mo,"Can't log in with my Google account, can't link my Google account, can't use biometric, saying mine has been linked to another account. Sounds dangerous.",1,0,4.8.1,2025-08-12 15:53:02,,,4.8.1
a58a3246-4707-4f0d-aa93-bd778c907446,Tj*************im,https://play-lh.googleusercontent.com/a-/ALV-UjV6gO5tdmSQICKJwQVUhDmeVCtacpAyFvWp-uSb5YItzhof2ZcI,"pesan online cepat, harga bersaing dan mobilnya bersih",5,0,4.8.1,2025-08-12 12:22:20,,,4.8.1
fbfa88a6-7b2f-4ee4-8108-c37729f883a2,Ad*******ja,https://play-lh.googleusercontent.com/a/ACg8ocIBg-u6DxvEyLdJMG0Et5Wa06OHTMjY0AkXk3H3eWU_gOt3RQ=mo,clean comfortable,5,0,4.7.1,2025-08-10 12:53:22,,,4.7.1
49fa3b5f-711d-4322-a342-9c207031bab6,Jk*****an,https://play-lh.googleusercontent.com/a-/ALV-UjW9gmUQv1KvcUesWhbYEkkkih-t_4HageMVh90dcbefTJxsVfNoDw,nice apps,5,0,4.7.1,2025-08-07 09:23:44,,,4.7.1
72089b92-962c-4e7b-bfb5-5167d0b7b73b,An*********ck,https://play-lh.googleusercontent.com/a-/ALV-UjXd1BzMoNeKOwkUt1bx3IEqGQQc9qG0z1JYwY-Mp3bfnkyc2e9MDg,"Posisi mapnya tidak sesuai sama sekali dngn yg saya ingin tujui tolong dibetulkan lagi di update selanjutnya, makasih üôè Edit: Skrg sudah lebih baik setelah update terbarunya, posisi mapnya udh sesuai skrg, terima kasih",5,1,4.7.1,2025-08-06 22:05:29,,,4.7.1
01ecfe32-639f-4ee8-a77c-049b64b8c28e,ki*******ah,https://play-lh.googleusercontent.com/a-/ALV-UjV72USbZsnlUEkVv948oGymkmo8KIt81IHacYVESyqm19iXtwiT,Fast and smooth...,5,4,4.7.1,2025-08-06 10:11:56,,,4.7.1
9ee42645-3537-4cf8-9363-56b122939352,er**********88,https://play-lh.googleusercontent.com/a/ACg8ocLi0Yda-RXjUszE_hRKeh3jc9puxb0mEjAimFDm1afYtnnagA=mo,good ride hailing,5,0,,2025-08-05 13:50:25,,,
0a7a4ea3-6f17-440e-9689-67d1e69fea48,Sr********ti,https://play-lh.googleusercontent.com/a/ACg8ocKBbL2ub6LRxstSXiFzhaIId_aHC3pPy5ME5cXmg_KfOXwaYA=mo,Disappointed with the service because I booked at night to leave at 7 the next day but the next day they didn't come and didn't confirm so I missed the train and the ticket was forfeited and I have to buy another train ticket.,1,9,4.7.1,2025-08-04 20:30:12,,,4.7.1
e8e9a1b6-a520-45a8-8958-74e94e2b8f42,ag*************no,https://play-lh.googleusercontent.com/a-/ALV-UjXjCHGJoOGoAgXlSQReX2o7BDFw1sQ4zBaMUJ2ZfIy4a3Hjfxzc,eksperien baru naik taksi yg compact...pengemudi ramah dan rapih...mobil ramah lingkungan juga...terbaik,5,0,4.7.1,2025-08-01 09:25:38,,,4.7.1
fbd04c7d-6ce8-4dc5-8477-1ba811acc7f8,Ed*******ng,https://play-lh.googleusercontent.com/a/ACg8ocK4lKlYmysTzJ2X-18QLWpXglE1Jf8j0drzIa9lzWOUeLSMzg=mo,nice app,5,1,4.7.1,2025-08-01 09:20:20,,,4.7.1
0a58ce66-f259-4f9c-b209-9c643fc24f9d,yo**********mo,https://play-lh.googleusercontent.com/a-/ALV-UjV9vG1rhSoo4ZC_PzQCz38IYgGx6jzxG2nOSErrKeZPk6ZwGCU,can not login. request to login from another one. don't get it,2,2,4.7.1,2025-08-01 01:26:25,,,4.7.1
98c9ee65-6f56-4411-823b-899e77c3db50,Ma**************io,https://play-lh.googleusercontent.com/a/ACg8ocJG-ZZUavMVP5zX6_ZDGF60kSFhgYMW7ZMUSTzOKFDlck9gbg=mo,"Pengemudinya ramah, mobilnya enak",5,1,4.6.2,2025-07-31 09:13:04,,,4.6.2
1b62b50c-2094-47a8-bc7d-766b5e787fbb,Am**ia,https://play-lh.googleusercontent.com/a-/ALV-UjWhGp9NEIssQzRnMBlqw4QVPCRkninbObyseS9ylUFlwpCuYg-d,Suka eror aplikasinya,1,1,4.6.2,2025-07-28 17:16:40,,,4.6.2
77b901f3-5044-4c4b-9b55-9b0afd0af05c,Ay*****P.,https://play-lh.googleusercontent.com/a-/ALV-UjU8H6ezJHak5GcsNRP8BQv14SGJtlqFIpRjBFOfUIHebbNh2pg,"map isn't accurate, navigation is going nowhere, pick up location wherever",2,2,4.6.2,2025-07-28 08:20:01,,,4.6.2
5d83079c-5003-4771-947e-1eb277ebe7c8,Ri************to,https://play-lh.googleusercontent.com/a-/ALV-UjUk_h3wHeGaRy5A8gttMGSE4XWMp6gx2LgLWOBn8JGSyYWm01a2gw,"cannot login, says my device is locked",1,3,4.6.2,2025-07-27 11:28:08,,,4.6.2
83385c4e-9105-45b6-840a-57b3604b5807,Mu********ti,https://play-lh.googleusercontent.com/a-/ALV-UjVaA9EklmHUJ0f5wWy2vZ0E2EJEY6pjwc1rT_o5WLAEku12Jy3TtQ,too many notifications. spamming,2,1,4.6.2,2025-07-27 10:12:20,,,4.6.2
9fe38722-b17e-41bb-8614-19a53880bb30,Ri*********ra,https://play-lh.googleusercontent.com/a-/ALV-UjU3E9KGoLnXQ4NW18SOMW0DcZuYxP9ItnES0xT_5GoEILNWGE6h,"I just gave an honest rating because currently, the drivers are very lazy and it doesn't make sense that many of them want to switch the payment method from cashless to cash. It's very annoying, and I don't want to follow their requests. Please make sure to address this issue with your drivers and provide them with the proper knowledge on how to handle customers.",2,6,4.6.2,2025-07-26 19:36:51,,,4.6.2
da80538c-ebde-4225-a92c-9e633d693be1,Bi*ly,https://play-lh.googleusercontent.com/a-/ALV-UjUtdXzAO_zrbIog7XdQWGL89iCjI8UeAEvFgKIosY-W1ZMkHqEWFg,"percuma ada opsi booking, banyak armada yg lewat nawarin lgsg tapi ga mau pick up booking",1,2,4.6.2,2025-07-26 00:14:47,,,4.6.2
8f6041cd-a9c2-4e29-9487-573d1b02c44f,Ku*************ha,https://play-lh.googleusercontent.com/a-/ALV-UjXDn3dhY9x0CRLprER5SVSJTmpNR9UNnHPy0MctgAxr5CUzdA,"Emang paling bener naik blue bird, drivernya g bisa baca map, dikasih fix rate ngeluh, ngedecak2, marah2, muter2 jalan bolak balik, krn salah sendiri g ngerti maps, pake mobil ugal ugalan, bikin pusing kepala, sopir angkot jadi sopir taxi ya gini... hadeuuh",1,1,,2025-07-25 17:01:34,,,
491be67d-9111-4b35-9afc-217fa1284ee3,Ri********ka,https://play-lh.googleusercontent.com/a-/ALV-UjUMNjXFGXHFCHW9YxUjzcwm2rFbF4B_WtKNc2xn5CQc6vFkYiiu,good,5,1,4.6.1,2025-07-25 13:50:38,,,4.6.1
d66f5722-6737-4648-b2dc-43692edee800,ef***dy,https://play-lh.googleusercontent.com/a/ACg8ocI1I5qM439Z5JrEsx822Y4k5V4BRn_BpZ4-DhMtuwbaAAx-DQ=mo,BAU ROKOK.. PADAHAL MOBILNYA BAGUS,4,0,,2025-07-23 22:07:15,,,
bf8f00d3-d9ef-4cb8-853b-04d4eb3206c2,Ke*** M,https://play-lh.googleusercontent.com/a-/ALV-UjWdpLH7dpTgQGTLnWfbjfZWYTLWMxBAnnYGrLWhoe2hXOPAJRAwgA,"Lost and Found. Barang tertinggal di mobil, e-mail ke CS Green SM dan selang beberapa menit langsung dihubungi pihak CS. Akhirnya diberi kontak driver dan barang dapat dikembalikan dengan mudah.",5,2,4.6.1,2025-07-22 15:03:03,,,4.6.1
2d4824ed-3a49-452d-97cf-3496c81a37b1,Gr*********us,https://play-lh.googleusercontent.com/a/ACg8ocK_Z2n0Mu9J1ueeSyzgmmy1O13i14RdgY6xEz13IJRYSHCdgA=mo,"Bought the subscription, never received the vouchers. Don't buy GreenSM subscriptions.",1,4,4.6.1,2025-07-22 04:08:33,,,4.6.1
df946233-57b4-4c9b-9145-83e1a066845b,Al************ra,https://play-lh.googleusercontent.com/a/ACg8ocKfFdWFL668izHEls-N0cjfh32X1PM2m4NxNCBaLP9GcDDhqQ=mo,Byk driver dodol,1,2,,2025-07-19 23:37:27,,,
5225164d-21d9-41f3-b6bf-4aa32f7cbdf7,****,https://play-lh.googleusercontent.com/a-/ALV-UjU2Fk4RaTrRAicL62Sd95H0boDpnsd9LThIQ5WCPPxoXKcf2VzU,"book a head of time to catch train, getting cancelled by driver at pickup time, because ""low battery"" üò©",1,2,,2025-07-18 20:37:11,,,
a72702c7-595e-4698-86a1-46b8ad92023e,Ja*******by,https://play-lh.googleusercontent.com/a-/ALV-UjU3zxYCl6NMTSV7xdjrlRPjCH1zBySeccH8Id9EaxVBJwba8GmD,"Ngasih bintang 1 bukan gara2 app nya, tapi.. KALIAN NYARI DRIVER DISELEKSI APA ENGGA SIH?!! Ga sekali dua kali gw nemu driver kalian bawa mobil sembarangan sampai membahayakan pengguna kendaraan lain. Heran.",1,2,4.6.1,2025-07-18 18:28:19,,,4.6.1
8d3a5e88-61ea-4435-9bde-13b7131562e3,vi*********at,https://play-lh.googleusercontent.com/a-/ALV-UjVf53xAHzn3h-9US6IGyaggT8Mxu7_i_1AELmPj6-A4Biw3DEpr,terbaik,5,1,4.5.1,2025-07-15 09:24:34,,,4.5.1
afb46ae9-94b8-452a-86e7-c444b2a0c47f,ag*****ka,https://play-lh.googleusercontent.com/a-/ALV-UjWGZwR0qQZeo7px9j3TxbXRao-Y5aMT289xLm8K92MK7bKWrwM,"all services unavailable for 2 days straight? honestly was hyped to try this new taxi out, but because of whatever that is, i changed my mind",1,2,,2025-07-11 16:32:20,,,
844d49c8-0480-44ef-9621-4cbe5c0afe47,Uz********in,https://play-lh.googleusercontent.com/a-/ALV-UjUNiYBOxeXLtmkcW6RH_mVfv8uKMMNnFfvi2YjF2Ek6AhaWQ7NY,aplikasi tolol. order ga dapet dapet udah nunggu 15 menit. sekalinya dapet langsung cancel,1,1,4.5.1,2025-07-11 07:54:19,,,4.5.1
f694b5de-ccb3-4dd7-b7f2-9bf2a9e0623c,Ha*********hy,https://play-lh.googleusercontent.com/a-/ALV-UjUL4D_Udx5di05u-zpKcFGf96DRFj1yQ6axpo8y4b6vH-qs6Gs,"Ordernya gampang & perjalanan cepat banget pakai Green SM. Nggak sampai nunggu lama, mobilnya langsung datang. Selalu bersih juga, jadi makin nyaman selama di jalan.",5,0,,2025-07-09 11:08:16,,,
e6e975cb-dcf7-42bb-8788-626614d8bbcc,An***********ia,https://play-lh.googleusercontent.com/a-/ALV-UjWUr2-_gO_fH02SDVnhZiM16Ja8LOkfZcE-ledDGfb1gw4CELdO,"mobilnya bersih parah, serasa naik mobil mama pas baru disalonin, wangi jugaaaa gaada bau yang aneh aneh sama sekalii. loafff bangetü•πü•πü´∂üèΩü´∂üèΩ",5,2,4.5.1,2025-07-08 20:16:21,,,4.5.1
bfc6b11c-c846-4ed7-b292-c2ed4133822b,Vi***oy,https://play-lh.googleusercontent.com/a-/ALV-UjXOjMqM3BOXHNAyrfoigar-QlkP8FC3dm5nBj1huVk8O4cpbEzb,Sampe kiamat ga nemu nemu drivernya. apakah bangkrut?,1,1,4.5.1,2025-07-07 19:27:49,,,4.5.1
a1f574a7-5553-4e6c-8a26-dc632742e38d,Es*************a),https://play-lh.googleusercontent.com/a/ACg8ocIBntsdESUjCq2UBU1-ivTHpAyB1KZeUyDC09203ha7MlLVvk-w=mo,good app,5,1,4.5.1,2025-07-06 21:43:16,,,4.5.1
4d32f07e-8626-4dfd-bb2e-19aade00a186,Te*****************na,https://play-lh.googleusercontent.com/a-/ALV-UjUc_PQL4ZSbAUSkO_ZXqdfxZ6YK11jVdHGhyAxRrROJSm2MxTtB,Good but not reliable for scheduled orders.,3,1,,2025-07-06 16:28:01,,,
82f443c2-9314-4ff4-9991-377d47c1d15e,****,https://play-lh.googleusercontent.com/a/ACg8ocKl2bA18J1PQ6wd0cP2lagKLichQEFKgwAPTHOqdCO1CQ1ZmQ=mo,"driver change status to arrived when still far away, then cancel order. my money does not return, maybe because the app thought i already reach destination? at least give back my money. edit: they return the money, that us aftet i call the contact center and email them.",2,15,3.37.0,2025-07-05 08:56:27,,,3.37.0
eb3e5521-19e7-4609-9989-90057f161a83,Ra**ar,https://play-lh.googleusercontent.com/a-/ALV-UjWzBmLQIPixe-aGa3UNZT4DkXI5zWQb-HVRwDCdEYBWVLV4iQVx,Excellent service. The cars are exceptionally comfortable (comparable to the premium car option from competitors) and the drivers well mannered. Fares are competitive. App is lightweight not bloated with garbage like the others. Please keep this up!,5,19,3.37.0,2025-07-02 18:00:03,,,3.37.0
9c598285-37dd-459d-b75a-28d07bf6f285,pu********ya,https://play-lh.googleusercontent.com/a-/ALV-UjUGgDd_4mJ62fcj00BR7DvKLPzVcqyWoBOvmS_fuewxS_2-0A0,maps sudah bagus kembali,5,0,3.37.0,2025-07-02 10:09:00,,,3.37.0
5dafc592-7b36-414e-bbeb-929cac4b5450,Cr*********or,https://play-lh.googleusercontent.com/a/ACg8ocK_TM5fazQeVY0sKu0kerqXAUPxyRN35WFm064QlCXuIYqN7g=mo,need more promotion,5,1,,2025-06-30 22:59:59,,,
05e765df-cbdb-49ed-bcac-1079576cd001,In***********no,https://play-lh.googleusercontent.com/a/ACg8ocIelu80vKPpgY-oQGZOUPWF6UarfWo3Kmmb_LDj6fuFDOleXw=mo,"This app has improved, however, the map often does not show its real movement/location. It needs improvement.",4,2,3.37.0,2025-06-30 20:10:47,,,3.37.0
675304c7-a47a-4bcb-8fbd-d67e6be38b45,Na*********ia,https://play-lh.googleusercontent.com/a/ACg8ocJGz26aYmHXz53qACoFm5HIIOlXurqrM0LVinMrBZtg4gO2jA=mo,"Aplikasinya bagus dan gampang banget dipakai Order mobil cukup klik klik aja, drivernya juga cepet datang dan sopan. Cocok banget buat aku yang sering buru-buru. The best dehh‚ú®",5,0,3.37.0,2025-06-30 13:37:04,,,3.37.0
e684ce81-004f-4176-92f7-46f24595bf32,02**********************it,https://play-lh.googleusercontent.com/a-/ALV-UjUmOJ4m6pclhRGaKoh8S-PneUM4RfZCjCu25e6qbECvBj-7voQE,Aplikasi yang inovatif di era menuju nol emosi global,5,1,3.37.0,2025-06-30 08:56:07,,,3.37.0
4725c4a8-9dac-4a8b-937d-cfcab676598d,Yo***********el,https://play-lh.googleusercontent.com/a-/ALV-UjX8QL5zmMpIlalSTcbHqeMYI0sh-b4no2cceDmxUMIpvF6cS3qB,"TIDAK BERTANGGUNGJAWAB, saya booking 1 hari sebelumnya utk pick up utk ke Soetta jam 13.00, 15 menit sblm schedule aplikasi baru mencari driver. Krn aplikasi tdk dapat driver, order di cancel sepihak oleh XanSM. Saya coba telp ke call center dan hanya dijawab ""mohon maaf tidak ada driver"" dan tidak memberikan solusi apapun. Saya boleh sarankan kl pesan taxi yg sdh pasti aja. Jgn pernah coba2x kl gak mau di PHP",1,2,3.37.0,2025-06-29 16:07:56,,,3.37.0
7983476b-6417-4040-9f6b-08e4f92b4895,Ra***************ra,https://play-lh.googleusercontent.com/a-/ALV-UjWiH4LRaeJ63fdIvpFe-oqeZrdaPKKe-j-naVx7zWGsu0cZvM_X,Sejauh ini order pake aplikasi nyaman banget. Mobil baru perjalanan nyaman. Selain itu harga nya masig oke banget.,5,0,3.37.0,2025-06-29 08:08:30,,,3.37.0
1225bd69-4e77-4890-a991-383e08aa0bbb,La****ce,https://play-lh.googleusercontent.com/a/ACg8ocK6rcKcAPxtqmB7P_v4OtrczgSAwHZ_Jlp01yBs6fCI5E2XIw=mo,"too much push notifications coming from this app,",1,2,3.37.0,2025-06-28 23:19:47,,,3.37.0
ae6a3559-5285-4236-8b47-15c5e5cacc15,De********ro,https://play-lh.googleusercontent.com/a/ACg8ocIG2mRD-UZW3RizQAh0S2vg5cEArW2zbUDt6wdJlNn4OU29cA=mo,mobil bersih. cepat dapat kendaraannya,5,0,3.37.0,2025-06-28 22:18:33,,,3.37.0
38a2a690-70d1-413f-b445-c955123b1122,Ad********to,https://play-lh.googleusercontent.com/a-/ALV-UjWxskApQEWRqPhifnt1nIAVZ48lcLsa8WCxmcYzloX5LiMHNw,"mobilnya enak, drivernya ramah, kalo pesen pake app dapat diskon pula .. semoga sukses green sm",5,1,3.37.0,2025-06-28 21:51:55,,,3.37.0
9166dc18-ec95-4346-aee9-85bfac5b9651,tr********ri,https://play-lh.googleusercontent.com/a-/ALV-UjW1szV1Gkc8o8E7TyA6ObcLo0doZdERSZQ1bI2n7it1TlwY6TJ0,"aplikasinya bagus dan gampang untuk digunakan, banyak juga promo yang ditawarkannya dan bisa pilih metode pembayaran dengan banyak jenis pilihannya, good.",5,0,3.37.0,2025-06-28 21:28:28,,,3.37.0
3bc96545-77ed-4cd1-a822-c6168c4ca410,Ri**********ad,https://play-lh.googleusercontent.com/a-/ALV-UjUQKisQvUs1-OKv5Q9WspR1VRAEV2YzLVZFpdSZB0DRhRlBM-rX,"Untuk pelayanan dan kehandalan jelas lebih baik dari taxi aplikasi online, walaupun belum bisa menyaingi taxi burung biru yg memang pemain lama disini (akamsi). Semangat deh buat taxi vietkong, terus improve dan bertumbuh.",5,0,3.37.0,2025-06-28 19:49:55,,,3.37.0
af2d5b64-a758-4889-a633-5141fb733111,M * B,https://play-lh.googleusercontent.com/a/ACg8ocJSGAhCjFaJD-kyl7mwbpNoS4otUy9-b7BM8m5qMSQ9E2WTtVE=mo,Keren ini. Good apps for safety n convenient EV taxi fleet in Jakarta,5,1,3.37.0,2025-06-28 19:49:43,,,3.37.0
69785ce3-87c1-4669-b13a-dae914943e3e,An*******mz,https://play-lh.googleusercontent.com/a-/ALV-UjW8p2TyQCOyyjqwI4KZdkHY0mnT87x4SKmiDuKKwTY-EcL9spw,Menyenangkan.. walau harganya sedikit lebih mahal dr online lainnya tapi layanannya prima. Puas,5,0,3.37.0,2025-06-28 19:31:05,,,3.37.0
c992921f-6315-4154-a7a4-b88354166b70,Jo************rd,https://play-lh.googleusercontent.com/a-/ALV-UjVs_oFnCfFjZOl5Hmdkuc53r7u9YiqCueTFXKdLAyrCejdJ60WH,"Aplikasi Green SM sangat mudah digunakan, banyak pilihan metode pembayaran, dan driver-nya ramah. Mobilnya baru, perjalanan nyaman, dan tanpa bau, bersih banget. Selain itu, order gampang dan cepat. Sering ada promo menarik, jadi makin hemat. Pokoknya aplikasinya bagus dan gampang banget buat ojol masa kini!",5,0,3.37.0,2025-06-28 02:22:36,,,3.37.0
14b07efb-3577-4663-924d-3c74ed9e3c03,Na*** S,https://play-lh.googleusercontent.com/a-/ALV-UjVfBvzkN7oihLg_UkKSAVdWotf5wH7nrYoEX5a3aZbcPx-6pii9,"Aplikasinya bagus dan gampang digunakan, sangat user friendly, ga bikin bingung pengguna baru buat pake fitur-fitur yang ada",5,0,3.37.0,2025-06-27 12:11:49,,,3.37.0
d0e6db7c-b41f-487c-b6cf-76d3a3333eec,Al*******************do,https://play-lh.googleusercontent.com/a-/ALV-UjUKmzbjmpZOliBkhgYQiUlj9UdYzhTaFTMScXl3v2TgqpG6iG4LTw,Driver's map a bit innacurate and not auto updating the position,4,3,3.37.0,2025-06-27 11:54:35,,,3.37.0
6529cdda-3ffa-47dd-a9b2-e6783e253fcc,An*********ni,https://play-lh.googleusercontent.com/a/ACg8ocJCa6OYZj2SKD-4j9nYud1YCzqFeUI8lt3vypZJIH8PkaFamWRg=mo,suka banget karena selalu ada promo menarik,5,0,3.37.0,2025-06-27 09:27:49,,,3.37.0
38f61d64-be55-4352-98f7-f4d1337ffcbb,Fa****Dj,https://play-lh.googleusercontent.com/a-/ALV-UjWYpWReGmsTxubBung1RbCaaCbkM-g9fxWC4GPTVTZJBFERnOrw,"Taxinya nyaman, senyap, tidak bau asap, harga cukup bersaing dengan layanan bintang 5, dan pastinya mendukung go green pemerintah.",5,0,,2025-06-26 19:50:16,,,
62fad818-4624-4ef9-8fab-d2311f5be8b7,oc************do,https://play-lh.googleusercontent.com/a-/ALV-UjXehtMrZEjFdHzmpc7fpOtKcAgJsb9iN3V5-tvWi-DVLAH2g4o0,"ke logout mulu, gak bisa tau posisi driver",1,0,,2025-06-26 18:27:23,,,
34aa70cd-f282-41dd-a653-1c9c38a95615,An*********an,https://play-lh.googleusercontent.com/a-/ALV-UjWOLDKbNL_4H4TIDTtFFy1eGGY4DbamvYSEPxy-ZqIwwe91iRyR,"Great app! Friendly UI, and helping reduce carbon emission in the city!",5,0,3.37.0,2025-06-26 17:52:47,,,3.37.0
9857d1ca-2c2b-4035-a49d-68edb020eed2,He*********an,https://play-lh.googleusercontent.com/a/ACg8ocIs2UgyFTX-0atxuNcq8wbU1F07nyqFo75EhPkV2QTTXgie3w=mo,Solusi hemat dan cepat.. Semoga segera hadir di kota palopo,5,0,3.37.0,2025-06-26 17:07:59,,,3.37.0
d92cdab9-b899-4e0b-8372-6b308ee603a0,Ar*****ta,https://play-lh.googleusercontent.com/a/ACg8ocLfW0TCkXRTBOh322GKKFtcSnVdoo9eJbMkM0rZLADFKU0OPg=mo,comfort car and good service.,5,1,,2025-06-26 17:06:44,,,
643e9577-49bd-4106-8afc-0d35030de659,Em**********ys,https://play-lh.googleusercontent.com/a/ACg8ocIGm1NTSf_fq_7wOESYP9D65VslYj7X-7WscwJfHDzVkF-0aA=mo,Good ev taxi,5,1,3.37.0,2025-06-26 16:22:07,,,3.37.0
96a63a23-442e-4647-a74f-12a3f1d22316,Gi*********io,https://play-lh.googleusercontent.com/a-/ALV-UjXUEqIZzTpi9H8SVDgZsDv0xX5rcYd4PhA6lG8TV-rYvg6YAtYl,one of my favorite apps to book a taxi.,5,1,3.37.0,2025-06-26 16:18:39,,,3.37.0
ebe40347-c09f-49c2-b7f4-4b10127df497,Gh*****************ra,https://play-lh.googleusercontent.com/a-/ALV-UjUFO_rEKOz6hButQzpIIZzd6MLEDytpKYIdJNSHI5JpKaSkbty3,cakep,5,0,3.37.0,2025-06-26 14:56:15,,,3.37.0
a3cfdbad-918c-4095-8e22-42e9db333790,Ta*********na,https://play-lh.googleusercontent.com/a-/ALV-UjXKciqDyBrj4BnpsbfQEIICkizNCUUrBu7nruUBJ0G9zx5LRDA,"Dari awal pake ada promo sampe sekarang, gampang bayar + mobil listrik tanpa emisi.",5,0,3.37.0,2025-06-26 14:43:18,,,3.37.0
2594accf-922e-42cc-a30c-2d98a3e23ce3,ad*********ta,https://play-lh.googleusercontent.com/a-/ALV-UjXsjBDHIQMpFlBfY29ZHbqU1N2GVQrxJGbxyAaEmFFHwVoEhbA,"Liburan jalan keliling Jakarta pake aplikasi ini, enak + nyaman + gak bingung. Mobil keren, baru + driver enak diajak ngobrol, ramah.",5,0,3.37.0,2025-06-26 14:28:57,,,3.37.0
181221e3-200c-467f-afc1-47c5e19d3b5f,Sh*********ta,https://play-lh.googleusercontent.com/a-/ALV-UjVIUzlW6VcJTh-SwOxtszBqNz0YIOzJerljed4yAcpVyO2xv-M,"awalnya sih cuma coba coba karena ada rekomendasi dari temen. tapi ternyata aplikasinya beneran bagus, dapet supirnya cepet, sering ngasih promo juga. yang paling enaknya pilihan metode bayarnya beragam jadi gampang deh pas mau bayar. suka sekalii",5,0,3.37.0,2025-06-26 12:56:01,,,3.37.0
c3ed3a9d-7ebc-4c62-9410-2e1b5e8d3691,J ****wa,https://play-lh.googleusercontent.com/a-/ALV-UjXQfLC8FWaAlit78v8Jj3Vm0CRgMj2KV522YZ9N6kD0wx2urN57,"mobilnya bersih dan yg pasti tidak bau apek apalagi bau rokok, ini benar bersih dan terawat, dan yang paling penting drivernya ramah cara servicenya baik",5,0,3.37.0,2025-06-26 11:13:51,,,3.37.0
ae4dc18f-0e55-4513-9777-8b742634e8ed,Mu********************di,https://play-lh.googleusercontent.com/a-/ALV-UjXvEgYBgzCIcfvfyCiDLSdDL3woIFBu4tRVSwymJE_5pBDJrcU-,Sangat nyaman dan untuk harga sangat kompetitif,5,0,3.37.0,2025-06-26 11:08:32,,,3.37.0
be7ff6f7-85c4-44bd-ba00-ad3897da7888,De*******mo,https://play-lh.googleusercontent.com/a-/ALV-UjVPIyQJj4HjgYljJgTQFNsENtT2rk90nGCCgJlNUbeAneSJFMvg,Easy to use. Most importantly Green SM taxi provides comfortable rides and friendly drivers.,5,4,3.37.0,2025-06-26 00:59:44,,,3.37.0
dfaa8e84-56b0-4130-a066-502f1c746925,Jo** 1,https://play-lh.googleusercontent.com/a-/ALV-UjUnnA0dCvRQd5493mkFLA92JhAzwclGdKeKhavr6iGklcMzHgYq,"mobilnya bersih, dingin, nyaman. drivernya ramah, rutenya sesuai map jadi ga muter2.",5,0,3.37.0,2025-06-26 00:02:32,,,3.37.0
84ffc210-b007-4fa3-b1a5-a2798ce9bb16,Yu****************ra,https://play-lh.googleusercontent.com/a/ACg8ocL85Ae_EXjsCMOOZoHlcC4r2VhlFZZ-C29s8pXw7CXE-cjpDQ=mo,"The Car is very comfortable, the apps is easy to use.",5,1,3.37.0,2025-06-25 21:37:10,,,3.37.0
9e4b307e-117a-425c-bbaf-0ba342cbc01e,Ha****to,https://play-lh.googleusercontent.com/a-/ALV-UjUfxfMgH7FPU_5eQ9LL_rvyDDk30DGQzv3-Ddra4MV9hy6LNv7ghA,layanan help full dan dengan tempat duduk yang lega serasa mendapatkan layanan bintang *****,5,0,3.37.0,2025-06-25 20:54:32,,,3.37.0
a67afd39-9790-48db-b863-9ecc86ff6aae,an********el,https://play-lh.googleusercontent.com/a-/ALV-UjXG-BUjClS9R2enrwg1v3_r0QTvmZnuIW8AhzhyQvVThGhheSEG,"driver ramah, helpful, mobil bagus, wangi, ac dingin.",5,0,3.37.0,2025-06-25 19:01:50,,,3.37.0
61884b1c-472e-4a76-9ba3-4ab8474872c1,De**********************yu,https://play-lh.googleusercontent.com/a-/ALV-UjWCZSy2hG_MthbPhGfktEBI65ZUCoU60VHPJJNsdxuPvyUE37t-Ow,The most experiences that u will have while u hv travel in Jakarta,5,1,3.36.1,2025-06-25 18:11:48,,,3.36.1
cf2d0b33-c7e5-4744-99c7-bbbb1fd7e5dc,ok*******vi,https://play-lh.googleusercontent.com/a-/ALV-UjUMtEMesaqJy1fT0vYQjPh_KuIsHgMpklpe2tbIZUsLJK4yWwwR,good service and also affordable price,5,2,3.37.0,2025-06-25 17:32:01,,,3.37.0
7a177d1a-27ee-48c6-9c79-b7dca45a4150,Ru*********to,https://play-lh.googleusercontent.com/a-/ALV-UjXThvxALyBZSASOdqWaa5HYd5QGTETeGOOuPYB1BuouX_KYATOd,environment friendly and great quality taxi service in Indonesia!,5,1,3.37.0,2025-06-25 17:13:25,,,3.37.0
3b984d07-82c2-46f3-a91f-337cb28f9fdf,Je***********oe,https://play-lh.googleusercontent.com/a-/ALV-UjXk536ffjYf6v-6-jU8OEW0xfDE6VyD4ZapVziOuIifr1NIxwA,great experience overall.,5,0,3.37.0,2025-06-25 17:09:08,,,3.37.0
2b1b344a-e41e-4ab1-8e70-f29731fe7685,Di************************s),https://play-lh.googleusercontent.com/a-/ALV-UjUNkhDe4mK8qxAddqf1b01kjS1O5E830bcjdTig7yqIsW7rrQy_2Q,Trusted driver & so nice to have experience with electric vehicle,5,1,3.37.0,2025-06-25 17:01:09,,,3.37.0
f19dc36c-b2f8-4349-a963-69692b5a2a91,Mu**************to,https://play-lh.googleusercontent.com/a/ACg8ocI0nogrN04WoRKogRDikRq3w4xWZhdwPgv42Zn0jFVLNbWBGRI=mo,Mobil baru dan pelayanan baik,5,0,3.37.0,2025-06-25 15:28:31,,,3.37.0
3e50a6a2-2703-4c98-9093-c301b202e12f,Ro*************ez,https://play-lh.googleusercontent.com/a-/ALV-UjWqALqWlR_vqaFuGDKu06VI86ShUo5rkURbal-6Zb-bPzP0Xrzt,Early booking is a scam.,1,2,,2025-06-25 12:02:17,,,
e2841e47-5bc4-4634-b39c-3663d275b851,Bu********so,https://play-lh.googleusercontent.com/a-/ALV-UjVwN8mWyV1V7orIEpP8ojLk14PbdcUeRyFUKmV1DYDRfy0prU5TJw,Very poor on handling customer complaint.,1,1,,2025-06-25 11:41:16,,,
8af4e1e2-fe67-4b8e-a8bd-27b02c9268e3,De*******ri,https://play-lh.googleusercontent.com/a/ACg8ocLkI8HduZ-pZtzjnOrcHJj6R1M5TCD4esaKG3ti-EnD6OuaVQ=mo,"What a great EV experience! The car was so quiet and comfortable, and the driver was absolutely wonderful. My only feedback is about the app: the car's location wasn't visible on my screen, and that's something that should definitely be improved",5,11,,2025-06-25 09:00:01,,,
fa3dca10-a7e1-4bc8-abc3-bbfd5756239c,Hi**********ad,https://play-lh.googleusercontent.com/a-/ALV-UjV7Aa6dMUHxc0XQbq-TI6phjy5AULmfSVP2yLuxdjRmdkBxl7E,"mobil senyap bikin ngantuk, 5 stars service",5,0,3.37.0,2025-06-24 10:45:42,,,3.37.0
77e49a27-8b2b-445c-a693-8d9f04fa13aa,Fi****************to,https://play-lh.googleusercontent.com/a-/ALV-UjXrEX-gnTaD0oGkNxjjztq0V03HoAzxeI2sOontMVtL434mf2lU,"Why do we forced to pick any incorrect addresses? I don't find my address to pick when typing address info. If I pick any other number, it will cause any dispute sooner or later. Let us edit the address manually, please.",1,6,3.37.0,2025-06-22 20:59:35,,,3.37.0
2ed17c78-413a-4eb6-93a0-336dd1639347,Ar**************im,https://play-lh.googleusercontent.com/a-/ALV-UjUXKZHDXO2NGv84dLSyhZSB4FTifeGP8KHXn0MjrOJhhLi7K03w,"Why my history/past activity is empty? Because of that, I can't get reimbursed for my work related transportation. And why I don't get email notification at all?",1,4,3.37.0,2025-06-22 13:32:40,,,3.37.0
ff8529b8-fd64-49ba-8f49-92d53105d108,Iw************ar,https://play-lh.googleusercontent.com/a-/ALV-UjUs2o1A5lA5Kp26l7BlDqHiRqEY3VSkuVLp7ng4cds6IbO7K9q-,"mau aktivasi biometrik aja ribet. padahal konsep biometrik itu securitynya di lokal storage hp. kalo harus terhubung dengan cloud sistemnya green sm. malah makin curiga aja. perbaikin lah, biometrik itu hanya bisa di akses lokal bukan harus tersimpan/terkoneksi dengan akun yg sudah terdaftar atau sudah pernah di daftarkan",1,1,,2025-06-22 02:29:25,,,
edca4490-22be-4409-91e1-65f83a31fff1,Ja*****************ne,https://play-lh.googleusercontent.com/a/ACg8ocK0sWIQw-QGbusiH30mO65epwtu8srLMPPXW_JSpPMCgLgmQg=mo,Ga ad dpt kendaraan tapi dana terpotong dan tidak balik,1,1,3.37.0,2025-06-21 23:51:45,,,3.37.0
766ff2ad-a30c-409e-b8b9-8bec3227f678,Dh**********yo,https://play-lh.googleusercontent.com/a/ACg8ocJdvb730H9Oip14Pw_LvgDhRGYyX4XTewT7zeuXPBcHfcTXIts=mo,"Lokasi Pick Up tidak sesuai dengan dimana saya booking. Harga tidak transparant seperti dikenakan biaya tambahan cukup tinggi jika kena macet dan perjalanan bawah 15 km/jam, akan dikenakan biaya tunggu sebesar Rp100.000 per jam. Saya hrs bayar Rp 90.000 utk jarak 8km utk perjalan 35 menit dr ASTA ke daerah Jl MPR. Cilandak Barat. tidak akan lagi gunakan taksi tsb",1,1,3.37.0,2025-06-20 05:20:18,,,3.37.0
bb2c281a-a426-4502-9f2a-a3bd2e075bdc,Su*************ya,https://play-lh.googleusercontent.com/a/ACg8ocKxS8z2cxowBFF2Psjc6PmQRQ41paSKKc0VIXyROHhFCZgBMA=mo,good car & good service.. üòä,5,2,3.37.0,2025-06-18 10:18:39,,,3.37.0
0e6747f4-7b4c-4bd9-98f1-36abbe7d9b3e,Li************ld,https://play-lh.googleusercontent.com/a/ACg8ocJVeg1NCdfJlR9UEOB9Q7lVf7oB91TlQVw5lSVi15UdAJwM5A=mo,cant sign up,1,3,3.37.0,2025-06-16 19:52:51,,,3.37.0
30ecc46b-2fbe-48e2-82d7-6e74696309d0,Mu****ar,https://play-lh.googleusercontent.com/a/ACg8ocKM4J1uRlr6crKIaxPxLbuPSKOn2fXQHcV_UjDPZtnp0_6AvQ=mo,"drivernya ramah2, tarifnya sangat bersaing dengan kompetitor. Good luck n semoga terus di perpanjang promonya",5,1,3.37.0,2025-06-15 23:17:24,,,3.37.0
9598e5b7-d090-48bb-b81c-4d53278e1d8b,Ar**********it,https://play-lh.googleusercontent.com/a-/ALV-UjUeF_JJDOIoAxw4Ed74Yf_cO1jO98S1LHKJ5vZqjCW2uSy9s6RE,This app is enjoyable and easy to use,5,2,3.37.0,2025-06-13 18:27:42,,,3.37.0
96e59ac0-477d-4e4b-9743-b8741076d228,Og*****88,https://play-lh.googleusercontent.com/a/ACg8ocJqY0ST7n4dibYR4Zg1Kfc_buyRjAYH5vsNfSu3GipPRNCOag=mo,Buggy apps ... maps showing the wrong & inaccurate pick up point ... other payment method showing insufficient balance all the time ... cash option only unfortunately ... car was brand new ... car was clean and smooth ... ride experience thumbs upüëç but Thumbs down for the app üëé,3,5,3.37.0,2025-06-13 14:45:38,,,3.37.0
fdf6055d-c846-4ec6-86a2-d30403d0a378,do***dy,https://play-lh.googleusercontent.com/a/ACg8ocKdrNVcliWmUN8Ban5N2MkZxC0TUs6Q1Cwd-3_pJ309KiKGFw=mo,"mobilnya memiliki kursi yg tidak bisa disetting, jd membuat leher pegal untuk perjalanan diatas 3 km",3,1,3.37.0,2025-06-12 06:40:18,,,3.37.0
153deae0-a4b3-4383-b724-b40d70d858ad,Zh********ya,https://play-lh.googleusercontent.com/a-/ALV-UjXIjfe8A8pf2nvayM5UAul_HLOpY3thQUijfO9HT508i4oTfHwZGg,"Driver ugal-ugalan, hampir nabrak motor, cukup sekali aja, kapok..",1,1,,2025-06-06 20:38:34,,,
f3d63c9e-7086-40e5-b391-0f6308334253,N0*Vy,https://play-lh.googleusercontent.com/a-/ALV-UjW95NkYggCmqhvVwV_8PHr82sJjfaHOs18FT28dtx59WLeX9jA,knp gak bisa login abis update üòá,1,2,3.37.0,2025-06-06 18:39:23,,,3.37.0
48cef5fa-1e90-43db-b62f-ded9167fd067,Fe*******in,https://play-lh.googleusercontent.com/a-/ALV-UjUmH_48sie8nO-u7Yg-C7YFdSbX2krtn9wRqkA5f7dssA1w7uoS,tidak bisa text ke driver,1,1,3.37.0,2025-06-06 12:26:27,,,3.37.0
c256f0ad-3a1d-42f4-99d9-fdac3e01f939,Ri***********an,https://play-lh.googleusercontent.com/a/ACg8ocIe7vc-tgAFvK3tJdtTuJscivOx82jCzzJYNvRldq_3m9vOrA=mo,Mitra suka semena2 cancel saat mendekati waktu order..Khusus untuk scheduled sebaiknya sudah dilock dari sistem sehingga driver tidak bisa pilih2 trip..yang ada customer dirugikan kalau dicancel saat mendekati waktu order..tidak ada punishment utk driver dan kompensasi buat customer kalau hal ini terjadi üëé,1,1,3.37.0,2025-06-05 16:59:50,,,3.37.0
fb3d9a3a-5f96-4b9e-81f9-21cde62f90a4,We*********to,https://play-lh.googleusercontent.com/a-/ALV-UjUhZjLRHLRSLs-TGhTgTznLo59NWVUfaVUTK2p301aLTSFyBC0,cannot register with the phone number. It says locked... how come ??,1,4,3.37.0,2025-06-04 18:03:55,,,3.37.0
61cc79a8-5531-4678-8df9-adb5f722ab2f,ri***** m,https://play-lh.googleusercontent.com/a-/ALV-UjVOPrBOnPjpL64i8CuVuxaZxcZKWGXKexmzvYNUpnR-g_1o7-YJ,"bad experience. nagbook kami via app ng new TNVS na to mula bubuyog revilla sa pasay pauwi ng south signal sa taguig, si kuya driver instead na sundan yung nasa map niya, na dapat ang daan ay papuntang express way fort Bonifacio, idinaan niya sa arnaiz makati to Venice grand canal to C5 highway. ending ng charge sa pamasahe, nagbayad ako ng 419, taxi fare instead na yung nasa app nila na 272, inoveride ni kuya yung booking app. naging taxi charge yung nangyari. not recommended",1,2,3.37.0,2025-06-03 18:58:01,,,3.37.0
f8e54335-1f37-470b-bb62-768b4d552c2a,De**************do,https://play-lh.googleusercontent.com/a-/ALV-UjXnX6qDREOAOLcJ3JrDR5oyOzEeBSjIkIpeDctbKwG_gEY8MdmL,"I recommend adding an edit option for saved ""Home"" and ""Office"" locations or anything that will be saved‚Äîcurrently, this feature is missing. Also, the ""Account"" section lacks functionality and provides no options. For improved security, consider requiring government ID and selfie verification during account registration. This would help protect both passengers and drivers. Lastly, I suggest adopting features similar to Grab Philippines‚Äô app for a more reliable and user-friendly experience.",1,18,3.37.0,2025-06-01 19:04:20,,,3.37.0
3c4e0045-dfd0-4516-8fbe-a9ff87d97666,Al***********do,https://play-lh.googleusercontent.com/a/ACg8ocI5Iqu8dSEDJPkupj-N96lTqLH7Bq55TOVdatq7Qt-zOTCpSQ=mo,"I tried to book a car here in Manila multiple times but no one is available, no driver is showing up to pick up customers. I hope there will be a big improvement on this app like grab, indrive.",1,7,3.37.0,2025-06-01 17:10:16,,,3.37.0
4b268838-6a98-4b2e-93fc-594b62538a96,Tr*************ri,https://play-lh.googleusercontent.com/a-/ALV-UjWANMNGBI8TS3SBiiPNP0OSlL7DvH3APU_UIie-T1SWAqjFIgHc,"Pengalaman sangat tidak mengenakkan ketika menggunakan aplikasi dimana saya sdh melakukan pembayaran tp tdk masuk di aps driver. sudah call ke CS dan cuma diminta menunggu tanpa konfirmasi lg stlh 1x24 jam, tp jadinya tidak nyaman karena berkali2 ditanya sama driver ke saya apakah ada masuk dana pengembalian padahal jelas2 dana direkening saya terpotong dan blm ada pengembalian sampai sekarang. daripada ribet ditanya terus akhirnya transfer lagi ke drivernya jatuhnya bayar 2x.",1,2,3.37.0,2025-06-01 13:43:38,,,3.37.0
c105b14d-cf5e-446e-8063-121f3875f6f6,Ju************on,https://play-lh.googleusercontent.com/a-/ALV-UjXd_KXjJ1y7vBetiHm4mDwaxhhCPCtE3WNB_eqe7Dcjn2acMcwW,Driver preman,1,1,3.37.0,2025-05-31 23:47:35,,,3.37.0
71bed687-4f2d-4def-b279-b68825fe1b6f,Eu************no,https://play-lh.googleusercontent.com/a/ACg8ocJGJJC4NH-BR8R3RijDGNtixvThbGchrHcc37rmPKq6NGPUsA=mo,Why does it say my phone is locked when i try to register?,1,4,,2025-05-27 13:32:13,,,
5abb9ed0-af07-409d-ad01-990cc1c415d9,Ad************ya,https://play-lh.googleusercontent.com/a-/ALV-UjWNma0B3cOZ9nI4XC-rTGEHzyTsZHB4Prx8VDSmfJ_h_a7P4Fa5,"I have the one called ""Xanh SM"". Is ""Green SM' the updated version?",3,1,,2025-05-27 09:53:19,,,
78128306-7d70-4232-853a-560d9adfde6f,Ry*********do,https://play-lh.googleusercontent.com/a-/ALV-UjWiA4hUWTFVsTVCKKKW1UbYUxytEpHRBhe6P4-BZ-k_WCXJMuz4,best of the best,5,2,3.37.0,2025-05-26 03:16:06,,,3.37.0
15073dac-13b2-4886-8dfc-0201608c7b58,Va************ia,https://play-lh.googleusercontent.com/a-/ALV-UjVFq0wFRP2aQ3jOwm9mlXGzZL55bS3SHLRbezZENSIsBbtZbCQdCA,"basically just unusable now, can't connect to drivers. won't refund my money immediately and it's horrible when you need to rely on the app to go somewhere quick",1,8,3.37.0,2025-05-23 18:12:08,,,3.37.0
c8805660-e1af-4037-bf02-54fdd52575fc,Hi***********ka,https://play-lh.googleusercontent.com/a-/ALV-UjUAsUmoYuZEWzfrmZBUczJf2FRtxq1V27HUFBBxp43AmbXglI4,why this app can't payment with gopay???,3,1,3.37.0,2025-05-21 12:11:07,,,3.37.0
d150c2a8-6be8-48a6-ac85-02dcacca0061,Mi***********FH,https://play-lh.googleusercontent.com/a-/ALV-UjXZ-fkL7NJiWlqLvZiL0qR2EG8vQFr4MqRAOeFivd7lsxeGRwE,"Tidak ada layanan tersedia di lokasi anda, Jelas2 banyak banget mobil Vinfast XanhSM disini, Jakarta Utara Pelindo tower. tapi aplikasi gabisa dipake.",1,2,,2025-05-21 08:36:25,,,
31175681-6195-479b-bb8e-87a62f5b8fe3,An*ri,https://play-lh.googleusercontent.com/a-/ALV-UjXFM_-w4G-5IaFUkdLwhPR_NFFxMId4cqvf4NZvlnNiUTv4hD0M,"belum pernah pake jasa ini, tp pagi ini dikejutkan dgn Limogreen yg parkir sembarangan (depan rumah) alhasil kendaraanku ga bisa keluar, padahal urgent bgt.. udh 2x coba telpon csnya, tp sampe tulisan ini dibuat dr Limogreenya ga ada kabar apa2, udah coba minta kontak pengemudinya ga dikasih, yaa gpp sii mungkin ga boleh kasih kontaknya tp ini kan urgent, ga ada solusi pula... bayangkan anda di posisi kami..",1,10,3.37.0,2025-05-18 11:02:30,,,3.37.0
6505a415-1a05-4d2b-bfd0-4668df9fc1bc,Yu*********al,https://play-lh.googleusercontent.com/a-/ALV-UjXCE45ygI4yoRHn4sQAUO6gP596rF1bebVC_m2I97HoSJnG3TbU,applikasi yg aneh...sdh register dan data msk malah ga bisa digunakan,2,1,3.37.0,2025-05-14 17:32:10,,,3.37.0
c2dcf9b1-ece8-4640-b8e7-36a93060b8af,Bu********so,https://play-lh.googleusercontent.com/a/ACg8ocI45X9eY5tST9bSxrjhe739hrkLu5P757gQ5OGNs0oKUiGJHw=mo,"driver very rude, report cs no solution",1,7,3.37.0,2025-05-13 14:18:22,,,3.37.0
51abeeba-960e-441f-888b-0f2494c944c6,Fe*********ng,https://play-lh.googleusercontent.com/a-/ALV-UjWdbUDO4WpDh67CmO9qmYLCdhB0Xu5a7jDIWS8YeIrWCevTsGWX,"I love how simple and lightweight the app is, unlike the bloated too-much-everything Grab and GoJek are. I just wish you guys add notification settings because my God, your notification is annoying, I don't care about your promotions and whatnot! Give me the toggle! And for services, I hope you guys are able to expand more and more.",3,5,,2025-05-11 01:56:22,,,
ebb00395-f2c7-4aa7-a559-a05fd3cb5bf9,Da*****iu,https://play-lh.googleusercontent.com/a/ACg8ocLQafjxL0PH7yTpCoYw5Cvaw2-wqcb0Wmd_CkU3JHWlIQGHxw=mo,"i wait too long for your driver to arrive, wth",3,4,3.37.0,2025-05-07 15:07:24,,,3.37.0
090409c7-184d-4ea3-9e41-58790ffd3afe,Yu*uf,https://play-lh.googleusercontent.com/a-/ALV-UjVslJie73AM7p9B07L3ep-qmpfcgZqbS6yQgC5kArNdG5oGeOX2,"Scheduled booking is not actually ""booked"" as per the word definition. Yang namanya pemesanan terjadwal itu perusahaan harusnya sudah tugaskan satu driver khusus untuk pesanan ini, sehingga ketika waktunya tiba taksinya sudah ada di tempat. Bukan cuma asal tunggu waktunya tiba baru panik cari driver. Ketika tidak ada driver, pemesanan terjadwal seenaknya dibatalkan.",1,6,3.37.0,2025-05-07 08:45:40,,,3.37.0
bc8eb4b0-0bd9-40cb-8bd0-4f3ad67d6b56,Dj*********yo,https://play-lh.googleusercontent.com/a-/ALV-UjUWx7Fqf1V88RbPA-GFcFB6pDXu9jSUED1Dg7rQ8miUhvmoCtFaXQ,"can not rely on scheduled drive, the application cancelled itself just before scheduled pickup time",1,6,3.37.0,2025-05-06 07:31:39,,,3.37.0
61bf2d68-6bd1-424b-991f-3d9c423f794d,He********ra,https://play-lh.googleusercontent.com/a-/ALV-UjWXa-O6gHV2JU3tEEgCT-a3AlKH6vxrg5WpFFK1YBQaupLDR5o6UQ,Dont rely on this cab if you need to be someplace on time. Expect no show and cancelled orders especially if you try to order one outside the CBD area....,3,15,3.37.0,2025-05-04 17:01:32,,,3.37.0
523e47a3-dde3-478b-a6a3-80d9ca77ae29,Ri*******an,https://play-lh.googleusercontent.com/a-/ALV-UjXJ0HMRpSTM6iq437gyD9Hqc9jcthGwNXw9JMqLbuRRUnONV8_m,saya di pamulang selalu tidak dapat driver menggunakan applikasi. padahal di sekitar saya banyak mobil yang stndby. tolong di perbaharui lagi applikasinya,3,3,3.37.0,2025-05-04 10:35:24,,,3.37.0
818e1eff-6abd-4107-8aeb-4c29477f3e8c,Al******************al,https://play-lh.googleusercontent.com/a-/ALV-UjUTgANAy5LOjCDkJoH_icWEL_FhXBAX5msNTAl_8dZwMmxCVeqr,"Nyaman banget, enggak bising, harga juga bersaing",5,0,3.37.0,2025-05-01 10:15:42,,,3.37.0
619de43a-32da-4cf1-98bd-b62c748a9cf0,ad********ia,https://play-lh.googleusercontent.com/a-/ALV-UjXBVnIRF7XTVvyjTgNz42UdEk0QYuAA6V3ju1-hibnMVrQ9UQsN,"aplikasi paling gilaa scam di ancem driver suruh tf katanya di samperin di tungguin di lokasi jemput sampe pas pulang katanya masih di tungguin di titik awal kalo ga tf bakal di macem¬≤in gilaaaaaaa, ga pernah review aplikasi tapi kali ini udah kelewatan bgt trauma langsung delete account, terus juga tiba¬≤ ke cancel sampe banyak padahal ga pesen lagi aplikasi aneh idiot ati2 deh buat yang mau download mending fikir2 lagi",1,16,,2025-04-30 18:28:34,,,
85a8d88d-b0d8-4c8a-ac2a-1613ac1ad9b1,Al******************i),https://play-lh.googleusercontent.com/a-/ALV-UjWX9SMvbUA5N17suCXqhMFsb6cCwZkL14FmdWQY-FJSsjV5exmqRQ,"Layanan ok, SDM (driver) rendah quality",3,15,3.37.0,2025-04-27 14:56:26,,,3.37.0
cb38ecc8-ce70-4b16-8d3a-920de06eaf8a,Th*******so,https://play-lh.googleusercontent.com/a-/ALV-UjXyDzU76yohGIvUq8EPErOZEAuKSBVKYOzWNWZ8UzgLY1apJR7E,"Drivernya Ugal ugalan kayak preman, ga peduli pejalan kaki jg mau ditabrak. Ngerekrut darimana driver begitu",2,10,,2025-04-25 20:22:56,,,
38ddfc1a-41b3-486b-8b39-859f0bcfea54,Ag********na,https://play-lh.googleusercontent.com/a-/ALV-UjU-npILPjxQfF2g4De05yrFCTjyhcx6aC0kd7IpsfY5UbZyIKOm,"lebih hijau, lebih baik dari taxi yg lain",5,2,3.36.1,2025-04-18 14:48:30,,,3.36.1
65a7aeea-918c-4ad8-8cd8-1457f19087a9,Ra*********to,https://play-lh.googleusercontent.com/a-/ALV-UjUuy1UimhCLp9eubCcp-VRP6t3zba0KZQLMj2qASpwcnMgOOLt-aw,i cannot change the payment method after i got driver. it's very incovinient. please fix it.,5,8,3.36.1,2025-04-17 18:48:23,,,3.36.1
62092de3-e920-4296-afa7-c08efb8da198,Ta********ib,https://play-lh.googleusercontent.com/a-/ALV-UjXJ0wurF4R3X-c2FnT3KJcGY4lX4SNLedF1h89VrnXDBJzmAL7u8w,this transportation is good service,5,2,3.36.1,2025-04-16 19:38:54,,,3.36.1
50e34b0a-7443-41a3-8e32-ff62c4dbc697,ar********at,https://play-lh.googleusercontent.com/a-/ALV-UjVq5dHHQIsiED3jvR7gQxNIRAie_rOqdsfDCA9RgbAJ6ucXp6Y,nice app and integrated,5,2,3.36.1,2025-04-14 11:57:20,,,3.36.1
0ce97b40-c5f2-4fb4-99ab-c90fc11fb670,Me**************in,https://play-lh.googleusercontent.com/a-/ALV-UjVt_aG-BPHECDNmP7WC1jb03dNqjYvtcRcyPKkiQcCtcVG-aWk9,"lokasi driver tidak pernah akurat, membuat bingung",2,7,3.36.1,2025-04-14 08:12:54,,,3.36.1
244ad38a-7c74-4bee-9dc9-d0141f3a38cd,*,https://play-lh.googleusercontent.com/a-/ALV-UjVw5a5602Jc0wHc_nm0T7hTfaOML3-qY2X5ZX__AFcnBlXe5G0Khw,"Terlalu banyak Driver yang gak becus, gabisa nyetir dan gabisa baca peta. Attitude banyak yang sampah, kalo gaada promo ato karena harga, gaakan pernah pake ni taksi",1,16,3.36.1,2025-04-12 18:12:43,,,3.36.1
3b5506e5-869b-4cf9-8d23-ee4d51ec4919,Ja********ng,https://play-lh.googleusercontent.com/a-/ALV-UjWFpfxa-3eZyNY_7Upl8MSv9BeF4uCrGXGxQpMQLnH73eunZMa8Cw,good service üëç,5,2,3.36.1,2025-04-12 13:57:23,,,3.36.1
ad3f733b-44f3-4822-9ecf-ea0e9282e080,Mo**********an,https://play-lh.googleusercontent.com/a-/ALV-UjUb74_LxMrQ-xWIXSPpqcpDH2Jl0CQN7ryW07XBig6hRqr_21Q,Enjoyable and green transport solution,5,4,3.36.1,2025-04-11 21:40:06,,,3.36.1
97333527-e868-43ca-bc15-c5599899189e,sa*******************no,https://play-lh.googleusercontent.com/a-/ALV-UjXOYpHgvnD26nnIvfuuzG7yGQD-uynwXxLxXFUUkKPXPzQ4gPA,nice aps good driver,5,2,3.36.1,2025-04-11 18:07:20,,,3.36.1
515dbfb9-49d6-4b24-bde3-5b4cde3cd86e,Ku*************di,https://play-lh.googleusercontent.com/a/ACg8ocIzYIjMTDIl6Wsq4xePe60TCHnQFrhVMoGKUISW8SeYsE0LFQ=mo,"aplikasinya cepat, harga bersaing dan proses pemesanan mudah",5,1,3.36.1,2025-04-11 17:54:13,,,3.36.1
afd29606-a0ab-41a1-8d4f-ea7cf58d3789,Ji****************ah,https://play-lh.googleusercontent.com/a-/ALV-UjWM0tTaWdbTSJjtzOK9ZD1f6RdtsWzIJgXnpyR1RO39fArNfQoY,Taksinya bersih dan drivernya ramah2,5,1,3.36.1,2025-04-11 17:53:09,,,3.36.1
21763c6e-3503-41f4-ad4b-31ffc567e306,Do******************oy,https://play-lh.googleusercontent.com/a-/ALV-UjU0vf_ZI4fJlmJtuBlWS3eUNUdoblk0k9Um0dFEr9_wbZ7C50Kc,"The transportation is exceptionally comfortable, clean, and pleasantly scented, with courteous and well-groomed drivers. The rates are highly competitive, making it a top choice for public transportation",5,20,3.36.1,2025-04-11 17:53:07,,,3.36.1
f67ceffc-81fe-4092-90db-13787999ccfc,Bu*******to,https://play-lh.googleusercontent.com/a-/ALV-UjUOpF221z2AX7HVuVjXyC24DuvWnBQ0oK7nuJJo_yKUMFPXNWZa,"environmentally friendly application because it uses full electric cars, comfortable when traveling with xanhsm and also professional and trained drivers.",5,11,3.36.1,2025-04-11 09:31:30,,,3.36.1
84cdc46f-c795-418f-a414-174b71e72843,Fa********al,https://play-lh.googleusercontent.com/a-/ALV-UjXXBTFlAAnWX8XFGshEZcqlhiiy-FQ5chHHO6w9aMcQOiBDdAd0,good experience,5,1,3.36.1,2025-04-11 09:30:26,,,3.36.1
675a0f0e-fd10-4505-9cb7-bd5d74092e16,Da*********to,https://play-lh.googleusercontent.com/a/ACg8ocKAlyKxaWca1zTrG2xyAz2qaytyhr0eIqspsePFDsiBODOFSg=mo,Nice cab service,5,3,,2025-04-07 15:19:53,,,
da3fb7e4-61a1-4049-bd26-35732e2380e2,fi********am,https://play-lh.googleusercontent.com/a/ACg8ocII3EVYNW8But1IYt4CIyieuWTXW6f6U2KwBW-a5FsvAU4imQ=mo,"telah kirim ke email keluhan, paling bener naik grab/gojek/blubird",1,17,3.36.1,2025-04-06 17:58:59,,,3.36.1
8d13bacc-1d77-4999-9c70-672fb54c3ef7,Ra*********ra,https://play-lh.googleusercontent.com/a-/ALV-UjUUGaXuw5suww5eBbXGSuUlviSWOlPqOKPd10xeKNRHgMh4asw,"Don't waste your time using this online taxi, the driver is very rude and driving very dangerously i was humiliated a lot during my first ride with them. Never going to use them again ever",1,32,,2025-04-05 16:46:42,,,
55d3f7de-f9a0-4839-bfd8-940b3adeeed9,Ac*******ia,https://play-lh.googleusercontent.com/a-/ALV-UjU37rm7rxdAEcKQzo6eMRT-m7P1HjRec_kxKnEH9XC2AHcu5N2f,MOBIL TAKSI PALING NYAMAN. GAK BERISIK. AC DINGIN.. RUTE KELAPA GADING KE KEMAYORAN JUGA MURAH. DRIVER RAMAH.,5,5,,2025-04-03 20:44:10,,,
57f1a7ca-f458-465e-b885-8f53a4dd48d2,Iv******ro,https://play-lh.googleusercontent.com/a/ACg8ocIZggtm1fQhP96U9DxkqFaaASoSvQnAT5rZASUcx82_8C_HZQ=mo,"The cars used for Green SM taxis are very nice and luxurious, and the service is friendly.",5,1,3.36.1,2025-04-03 07:55:59,,,3.36.1
99826fcc-2056-4044-abcd-08bdd9898211,Ha******if,https://play-lh.googleusercontent.com/a-/ALV-UjWPBdE482dIII15oE_TmP9B9f63xS_TctIExRHoP9BPISeilShnqw,"First booking using this new app, already have an unpleasant experience. Wrong gps point and slow thinking driver. I had to manually share GMaps link to the driver. Not good.",1,45,3.36.1,2025-04-02 19:08:05,,,3.36.1
